<features xmlns='http://karaf.apache.org/xmlns/features/v1.2.0' name='hibernate-osgi'>
  <feature name='hibernate-orm' description='Combines all Hibernate core dependencies and required modules into a single feature' version='5.3.1.Final'>
    <bundle>wrap:mvn:antlr/antlr/2.7.7</bundle>
    <bundle>mvn:org.jboss.logging/jboss-logging/3.3.2.Final</bundle>
    <bundle>mvn:javax.persistence/javax.persistence-api/2.2</bundle>
    <bundle>mvn:org.javassist/javassist/3.22.0-GA</bundle>
    <bundle>mvn:net.bytebuddy/byte-buddy/1.8.12</bundle>
    <bundle>mvn:org.jboss.spec.javax.transaction/jboss-transaction-api_1.2_spec/1.1.1.Final</bundle>
    <bundle>mvn:org.jboss/jandex/2.0.3.Final</bundle>
    <bundle>mvn:com.fasterxml/classmate/1.3.4</bundle>
    <bundle>wrap:mvn:dom4j/dom4j/1.6.1</bundle>
    <bundle>mvn:org.hibernate.common/hibernate-commons-annotations/5.0.3.Final</bundle>
    <bundle>mvn:org.hibernate/hibernate-core/5.3.1.Final</bundle>
    <bundle>mvn:org.osgi/org.osgi.core/4.3.1</bundle>
    <bundle>mvn:org.osgi/org.osgi.compendium/4.3.1</bundle>
    <bundle>mvn:javax.interceptor/javax.interceptor-api/1.2</bundle>
    <bundle>mvn:org.hibernate/hibernate-osgi/5.3.1.Final</bundle>
  </feature>
  <feature name='hibernate-envers' description='Feature for easily adding Envers support to hibernate-orm' version='5.3.1.Final'>
    <feature>hibernate-orm</feature>
    <bundle>mvn:org.jboss.logging/jboss-logging/3.3.2.Final</bundle>
    <bundle>wrap:mvn:antlr/antlr/2.7.7</bundle>
    <bundle>mvn:javax.persistence/javax.persistence-api/2.2</bundle>
    <bundle>mvn:net.bytebuddy/byte-buddy/1.8.12</bundle>
    <bundle>mvn:org.jboss.spec.javax.transaction/jboss-transaction-api_1.2_spec/1.1.1.Final</bundle>
    <bundle>mvn:org.jboss/jandex/2.0.3.Final</bundle>
    <bundle>mvn:com.fasterxml/classmate/1.3.4</bundle>
    <bundle>wrap:mvn:dom4j/dom4j/1.6.1</bundle>
    <bundle>mvn:org.hibernate.common/hibernate-commons-annotations/5.0.3.Final</bundle>
    <bundle>mvn:org.hibernate/hibernate-core/5.3.1.Final</bundle>
    <bundle>mvn:org.hibernate/hibernate-envers/5.3.1.Final</bundle>
  </feature>
  <feature name='hibernate-infinispan' description='Feature for easily adding Infinispan-based caching support to hibernate-orm' version='5.3.1.Final'>
    <feature>hibernate-orm</feature>
  </feature>
</features>